{
  "accuracy": 0.9759850296288596,
  "balanced_accuracy": 0.9759075861368018,
  "f1": 0.9745958429561201,
  "roc_auc": 0.9972885717278839
}