{
  "accuracy": 0.9794157396818796,
  "balanced_accuracy": 0.9793314732770038,
  "f1": 0.9782178217821782,
  "roc_auc": 0.9979128783910631
}